{
  "weights": [
    0.008354903025060182,
    -0.0059606539781792605,
    0.6659223652685674,
    -0.007736765404575538,
    0.0006754814668951754,
    0.0074156042806816985
  ],
  "bias": 0.11896502558415624
}